totalAssets,totalLiabilities,productionValue/ProfitBeforeTaxes,profitLoss,ReturnOnAssets,ReturnOnEquity,NetP&L/OperatingP&L,year,GDP,GDP index,unemploymentRate,PPI,exchangesRatesEuroDollar,inflationRate,CPIindex
436198131.0,436198131.0,9269210.0,3106675.0,2.12,5.42,33.52,2022,1897000000000,-8.9,9.4,100.32,1.142203,0.14,102.73
142878569.0,142878569.0,3164857.0,1293880.0,2.22,17.23,40.88,2022,1897000000000,-8.9,9.4,100.32,1.142203,0.14,102.73
104087744.0,104087744.0,2378294.0,420375.0,2.28,6.65,17.68,2022,1897000000000,-8.9,9.4,100.32,1.142203,0.14,102.73
37392194.0,37392194.0,500474.0,516777.0,1.34,17.61,103.26,2022,1897000000000,-8.9,9.4,100.32,1.142203,0.14,102.73
23338039.0,23338039.0,956328.0,219219.0,4.1,11.99,22.92,2022,1897000000000,-8.9,9.4,100.32,1.142203,0.14,102.73
37392194.0,37392194.0,500474.0,516777.0,1.34,17.61,103.26,2022,1897000000000,-8.9,9.4,100.32,1.142203,0.14,102.73
23338039.0,23338039.0,956328.0,219219.0,4.1,11.99,22.92,2022,1897000000000,-8.9,9.4,100.32,1.142203,0.14,102.73
104087744.0,104087744.0,2378294.0,420375.0,2.28,6.65,17.68,2022,1897000000000,-8.9,9.4,100.32,1.142203,0.14,102.73
23338039.0,23338039.0,956328.0,219219.0,4.1,11.99,22.92,2022,1897000000000,-8.9,9.4,100.32,1.142203,0.14,102.73
23338039.0,23338039.0,956328.0,219219.0,4.1,11.99,22.92,2022,1897000000000,-8.9,9.4,100.32,1.142203,0.14,102.73
142878569.0,142878569.0,3164857.0,1293880.0,2.22,17.23,40.88,2022,1897000000000,-8.9,9.4,100.32,1.142203,0.14,102.73
104087744.0,104087744.0,2378294.0,420375.0,2.28,6.65,17.68,2022,1897000000000,-8.9,9.4,100.32,1.142203,0.14,102.73
104087744.0,104087744.0,2378294.0,420375.0,2.28,6.65,17.68,2022,1897000000000,-8.9,9.4,100.32,1.142203,0.14,102.73
104087744.0,104087744.0,2378294.0,420375.0,2.28,6.65,17.68,2022,1897000000000,-8.9,9.4,100.32,1.142203,0.14,102.73
23338039.0,23338039.0,956328.0,219219.0,4.1,11.99,22.92,2022,1897000000000,-8.9,9.4,100.32,1.142203,0.14,102.73
37392194.0,37392194.0,500474.0,516777.0,1.34,17.61,103.26,2022,1897000000000,-8.9,9.4,100.32,1.142203,0.14,102.73
104087744.0,104087744.0,2378294.0,420375.0,2.28,6.65,17.68,2022,1897000000000,-8.9,9.4,100.32,1.142203,0.14,102.73
23338039.0,23338039.0,956328.0,219219.0,4.1,11.99,22.92,2022,1897000000000,-8.9,9.4,100.32,1.142203,0.14,102.73
142878569.0,142878569.0,3164857.0,1293880.0,2.22,17.23,40.88,2022,1897000000000,-8.9,9.4,100.32,1.142203,0.14,102.73
37392194.0,37392194.0,500474.0,516777.0,1.34,17.61,103.26,2022,1897000000000,-8.9,9.4,100.32,1.142203,0.14,102.73
142878569.0,142878569.0,3164857.0,1293880.0,2.22,17.23,40.88,2022,1897000000000,-8.9,9.4,100.32,1.142203,0.14,102.73
37392194.0,37392194.0,500474.0,516777.0,1.34,17.61,103.26,2022,1897000000000,-8.9,9.4,100.32,1.142203,0.14,102.73
23338039.0,23338039.0,956328.0,219219.0,4.1,11.99,22.92,2022,1897000000000,-8.9,9.4,100.32,1.142203,0.14,102.73
436198131.0,436198131.0,9269210.0,3106675.0,2.12,5.42,33.52,2022,1897000000000,-8.9,9.4,100.32,1.142203,0.14,102.73
37392194.0,37392194.0,500474.0,516777.0,1.34,17.61,103.26,2022,1897000000000,-8.9,9.4,100.32,1.142203,0.14,102.73
142878569.0,142878569.0,3164857.0,1293880.0,2.22,17.23,40.88,2022,1897000000000,-8.9,9.4,100.32,1.142203,0.14,102.73
23338039.0,23338039.0,956328.0,219219.0,4.1,11.99,22.92,2022,1897000000000,-8.9,9.4,100.32,1.142203,0.14,102.73
37392194.0,37392194.0,500474.0,516777.0,1.34,17.61,103.26,2022,1897000000000,-8.9,9.4,100.32,1.142203,0.14,102.73
436198131.0,436198131.0,9269210.0,3106675.0,2.12,5.42,33.52,2022,1897000000000,-8.9,9.4,100.32,1.142203,0.14,102.73
436198131.0,436198131.0,9269210.0,3106675.0,2.12,5.42,33.52,2022,1897000000000,-8.9,9.4,100.32,1.142203,0.14,102.73
104087744.0,104087744.0,2378294.0,420375.0,2.28,6.65,17.68,2022,1897000000000,-8.9,9.4,100.32,1.142203,0.14,102.73
104087744.0,104087744.0,2378294.0,420375.0,2.28,6.65,17.68,2022,1897000000000,-8.9,9.4,100.32,1.142203,0.14,102.73
142878569.0,142878569.0,3164857.0,1293880.0,2.22,17.23,40.88,2022,1897000000000,-8.9,9.4,100.32,1.142203,0.14,102.73
37392194.0,37392194.0,500474.0,516777.0,1.34,17.61,103.26,2022,1897000000000,-8.9,9.4,100.32,1.142203,0.14,102.73
37392194.0,37392194.0,500474.0,516777.0,1.34,17.61,103.26,2022,1897000000000,-8.9,9.4,100.32,1.142203,0.14,102.73
104087744.0,104087744.0,2378294.0,420375.0,2.28,6.65,17.68,2022,1897000000000,-8.9,9.4,100.32,1.142203,0.14,102.73
37392194.0,37392194.0,500474.0,516777.0,1.34,17.61,103.26,2022,1897000000000,-8.9,9.4,100.32,1.142203,0.14,102.73
37392194.0,37392194.0,500474.0,516777.0,1.34,17.61,103.26,2022,1897000000000,-8.9,9.4,100.32,1.142203,0.14,102.73
436198131.0,436198131.0,9269210.0,3106675.0,2.12,5.42,33.52,2022,1897000000000,-8.9,9.4,100.32,1.142203,0.14,102.73
104087744.0,104087744.0,2378294.0,420375.0,2.28,6.65,17.68,2022,1897000000000,-8.9,9.4,100.32,1.142203,0.14,102.73
23338039.0,23338039.0,956328.0,219219.0,4.1,11.99,22.92,2022,1897000000000,-8.9,9.4,100.32,1.142203,0.14,102.73
104087744.0,104087744.0,2378294.0,420375.0,2.28,6.65,17.68,2022,1897000000000,-8.9,9.4,100.32,1.142203,0.14,102.73
23338039.0,23338039.0,956328.0,219219.0,4.1,11.99,22.92,2022,1897000000000,-8.9,9.4,100.32,1.142203,0.14,102.73
436198131.0,436198131.0,9269210.0,3106675.0,2.12,5.42,33.52,2022,1897000000000,-8.9,9.4,100.32,1.142203,0.14,102.73
142878569.0,142878569.0,3164857.0,1293880.0,2.22,17.23,40.88,2022,1897000000000,-8.9,9.4,100.32,1.142203,0.14,102.73
37392194.0,37392194.0,500474.0,516777.0,1.34,17.61,103.26,2022,1897000000000,-8.9,9.4,100.32,1.142203,0.14,102.73
436198131.0,436198131.0,9269210.0,3106675.0,2.12,5.42,33.52,2022,1897000000000,-8.9,9.4,100.32,1.142203,0.14,102.73
37392194.0,37392194.0,500474.0,516777.0,1.34,17.61,103.26,2022,1897000000000,-8.9,9.4,100.32,1.142203,0.14,102.73
142878569.0,142878569.0,3164857.0,1293880.0,2.22,17.23,40.88,2022,1897000000000,-8.9,9.4,100.32,1.142203,0.14,102.73
142878569.0,142878569.0,3164857.0,1293880.0,2.22,17.23,40.88,2022,1897000000000,-8.9,9.4,100.32,1.142203,0.14,102.73
436198131.0,436198131.0,9269210.0,3106675.0,2.12,5.42,33.52,2022,1897000000000,-8.9,9.4,100.32,1.142203,0.14,102.73
142878569.0,142878569.0,3164857.0,1293880.0,2.22,17.23,40.88,2022,1897000000000,-8.9,9.4,100.32,1.142203,0.14,102.73
23338039.0,23338039.0,956328.0,219219.0,4.1,11.99,22.92,2022,1897000000000,-8.9,9.4,100.32,1.142203,0.14,102.73
142878569.0,142878569.0,3164857.0,1293880.0,2.22,17.23,40.88,2022,1897000000000,-8.9,9.4,100.32,1.142203,0.14,102.73
37392194.0,37392194.0,500474.0,516777.0,1.34,17.61,103.26,2022,1897000000000,-8.9,9.4,100.32,1.142203,0.14,102.73
37392194.0,37392194.0,500474.0,516777.0,1.34,17.61,103.26,2022,1897000000000,-8.9,9.4,100.32,1.142203,0.14,102.73
37392194.0,37392194.0,500474.0,516777.0,1.34,17.61,103.26,2022,1897000000000,-8.9,9.4,100.32,1.142203,0.14,102.73
37392194.0,37392194.0,500474.0,516777.0,1.34,17.61,103.26,2022,1897000000000,-8.9,9.4,100.32,1.142203,0.14,102.73
23338039.0,23338039.0,956328.0,219219.0,4.1,11.99,22.92,2022,1897000000000,-8.9,9.4,100.32,1.142203,0.14,102.73
104087744.0,104087744.0,2378294.0,420375.0,2.28,6.65,17.68,2022,1897000000000,-8.9,9.4,100.32,1.142203,0.14,102.73
436198131.0,436198131.0,9269210.0,3106675.0,2.12,5.42,33.52,2022,1897000000000,-8.9,9.4,100.32,1.142203,0.14,102.73
37392194.0,37392194.0,500474.0,516777.0,1.34,17.61,103.26,2022,1897000000000,-8.9,9.4,100.32,1.142203,0.14,102.73
142878569.0,142878569.0,3164857.0,1293880.0,2.22,17.23,40.88,2022,1897000000000,-8.9,9.4,100.32,1.142203,0.14,102.73
37392194.0,37392194.0,500474.0,516777.0,1.34,17.61,103.26,2022,1897000000000,-8.9,9.4,100.32,1.142203,0.14,102.73
142878569.0,142878569.0,3164857.0,1293880.0,2.22,17.23,40.88,2022,1897000000000,-8.9,9.4,100.32,1.142203,0.14,102.73
142878569.0,142878569.0,3164857.0,1293880.0,2.22,17.23,40.88,2022,1897000000000,-8.9,9.4,100.32,1.142203,0.14,102.73
37392194.0,37392194.0,500474.0,516777.0,1.34,17.61,103.26,2022,1897000000000,-8.9,9.4,100.32,1.142203,0.14,102.73
23338039.0,23338039.0,956328.0,219219.0,4.1,11.99,22.92,2022,1897000000000,-8.9,9.4,100.32,1.142203,0.14,102.73
142878569.0,142878569.0,3164857.0,1293880.0,2.22,17.23,40.88,2022,1897000000000,-8.9,9.4,100.32,1.142203,0.14,102.73
142878569.0,142878569.0,3164857.0,1293880.0,2.22,17.23,40.88,2022,1897000000000,-8.9,9.4,100.32,1.142203,0.14,102.73
37392194.0,37392194.0,500474.0,516777.0,1.34,17.61,103.26,2022,1897000000000,-8.9,9.4,100.32,1.142203,0.14,102.73
142878569.0,142878569.0,3164857.0,1293880.0,2.22,17.23,40.88,2022,1897000000000,-8.9,9.4,100.32,1.142203,0.14,102.73
142878569.0,142878569.0,3164857.0,1293880.0,2.22,17.23,40.88,2022,1897000000000,-8.9,9.4,100.32,1.142203,0.14,102.73
37392194.0,37392194.0,500474.0,516777.0,1.34,17.61,103.26,2022,1897000000000,-8.9,9.4,100.32,1.142203,0.14,102.73
37392194.0,37392194.0,500474.0,516777.0,1.34,17.61,103.26,2022,1897000000000,-8.9,9.4,100.32,1.142203,0.14,102.73
436198131.0,436198131.0,9269210.0,3106675.0,2.12,5.42,33.52,2022,1897000000000,-8.9,9.4,100.32,1.142203,0.14,102.73
23338039.0,23338039.0,956328.0,219219.0,4.1,11.99,22.92,2022,1897000000000,-8.9,9.4,100.32,1.142203,0.14,102.73
23338039.0,23338039.0,956328.0,219219.0,4.1,11.99,22.92,2022,1897000000000,-8.9,9.4,100.32,1.142203,0.14,102.73
142878569.0,142878569.0,3164857.0,1293880.0,2.22,17.23,40.88,2022,1897000000000,-8.9,9.4,100.32,1.142203,0.14,102.73
23338039.0,23338039.0,956328.0,219219.0,4.1,11.99,22.92,2022,1897000000000,-8.9,9.4,100.32,1.142203,0.14,102.73
142878569.0,142878569.0,3164857.0,1293880.0,2.22,17.23,40.88,2022,1897000000000,-8.9,9.4,100.32,1.142203,0.14,102.73
436198131.0,436198131.0,9269210.0,3106675.0,2.12,5.42,33.52,2022,1897000000000,-8.9,9.4,100.32,1.142203,0.14,102.73
37392194.0,37392194.0,500474.0,516777.0,1.34,17.61,103.26,2022,1897000000000,-8.9,9.4,100.32,1.142203,0.14,102.73
37392194.0,37392194.0,500474.0,516777.0,1.34,17.61,103.26,2022,1897000000000,-8.9,9.4,100.32,1.142203,0.14,102.73
37392194.0,37392194.0,500474.0,516777.0,1.34,17.61,103.26,2022,1897000000000,-8.9,9.4,100.32,1.142203,0.14,102.73
23338039.0,23338039.0,956328.0,219219.0,4.1,11.99,22.92,2022,1897000000000,-8.9,9.4,100.32,1.142203,0.14,102.73
436198131.0,436198131.0,9269210.0,3106675.0,2.12,5.42,33.52,2022,1897000000000,-8.9,9.4,100.32,1.142203,0.14,102.73
23338039.0,23338039.0,956328.0,219219.0,4.1,11.99,22.92,2022,1897000000000,-8.9,9.4,100.32,1.142203,0.14,102.73
23338039.0,23338039.0,956328.0,219219.0,4.1,11.99,22.92,2022,1897000000000,-8.9,9.4,100.32,1.142203,0.14,102.73
436198131.0,436198131.0,9269210.0,3106675.0,2.12,5.42,33.52,2022,1897000000000,-8.9,9.4,100.32,1.142203,0.14,102.73
436198131.0,436198131.0,9269210.0,3106675.0,2.12,5.42,33.52,2022,1897000000000,-8.9,9.4,100.32,1.142203,0.14,102.73
436198131.0,436198131.0,9269210.0,3106675.0,2.12,5.42,33.52,2022,1897000000000,-8.9,9.4,100.32,1.142203,0.14,102.73
436198131.0,436198131.0,9269210.0,3106675.0,2.12,5.42,33.52,2022,1897000000000,-8.9,9.4,100.32,1.142203,0.14,102.73
37392194.0,37392194.0,500474.0,516777.0,1.34,17.61,103.26,2022,1897000000000,-8.9,9.4,100.32,1.142203,0.14,102.73
104087744.0,104087744.0,2378294.0,420375.0,2.28,6.65,17.68,2022,1897000000000,-8.9,9.4,100.32,1.142203,0.14,102.73
104087744.0,104087744.0,2378294.0,420375.0,2.28,6.65,17.68,2022,1897000000000,-8.9,9.4,100.32,1.142203,0.14,102.73
436198131.0,436198131.0,9269210.0,3106675.0,2.12,5.42,33.52,2022,1897000000000,-8.9,9.4,100.32,1.142203,0.14,102.73
104087744.0,104087744.0,2378294.0,420375.0,2.28,6.65,17.68,2022,1897000000000,-8.9,9.4,100.32,1.142203,0.14,102.73
104087744.0,104087744.0,2378294.0,420375.0,2.28,6.65,17.68,2022,1897000000000,-8.9,9.4,100.32,1.142203,0.14,102.73
436198131.0,436198131.0,9269210.0,3106675.0,2.12,5.42,33.52,2022,1897000000000,-8.9,9.4,100.32,1.142203,0.14,102.73
461953402.0,461953402.0,8640818.0,10366196.0,1.87,17.49,119.97,2021,2108000000000,8.3,9.0,111.15,1.18318,1.87,104.65
127441725.0,127441725.0,2661572.0,567203.0,2.09,8.84,21.31,2021,2108000000000,8.3,9.0,111.15,1.18318,1.87,104.65
101452667.0,101452667.0,2368240.0,334873.0,2.33,5.45,14.14,2021,2108000000000,8.3,9.0,111.15,1.18318,1.87,104.65
34803840.0,34803840.0,440799.0,712581.0,1.27,23.32,161.66,2021,2108000000000,8.3,9.0,111.15,1.18318,1.87,104.65
22181713.0,22181713.0,1053847.0,219232.0,4.75,11.96,20.8,2021,2108000000000,8.3,9.0,111.15,1.18318,1.87,104.65
34803840.0,34803840.0,440799.0,712581.0,1.27,23.32,161.66,2021,2108000000000,8.3,9.0,111.15,1.18318,1.87,104.65
22181713.0,22181713.0,1053847.0,219232.0,4.75,11.96,20.8,2021,2108000000000,8.3,9.0,111.15,1.18318,1.87,104.65
101452667.0,101452667.0,2368240.0,334873.0,2.33,5.45,14.14,2021,2108000000000,8.3,9.0,111.15,1.18318,1.87,104.65
22181713.0,22181713.0,1053847.0,219232.0,4.75,11.96,20.8,2021,2108000000000,8.3,9.0,111.15,1.18318,1.87,104.65
22181713.0,22181713.0,1053847.0,219232.0,4.75,11.96,20.8,2021,2108000000000,8.3,9.0,111.15,1.18318,1.87,104.65
127441725.0,127441725.0,2661572.0,567203.0,2.09,8.84,21.31,2021,2108000000000,8.3,9.0,111.15,1.18318,1.87,104.65
101452667.0,101452667.0,2368240.0,334873.0,2.33,5.45,14.14,2021,2108000000000,8.3,9.0,111.15,1.18318,1.87,104.65
101452667.0,101452667.0,2368240.0,334873.0,2.33,5.45,14.14,2021,2108000000000,8.3,9.0,111.15,1.18318,1.87,104.65
101452667.0,101452667.0,2368240.0,334873.0,2.33,5.45,14.14,2021,2108000000000,8.3,9.0,111.15,1.18318,1.87,104.65
22181713.0,22181713.0,1053847.0,219232.0,4.75,11.96,20.8,2021,2108000000000,8.3,9.0,111.15,1.18318,1.87,104.65
34803840.0,34803840.0,440799.0,712581.0,1.27,23.32,161.66,2021,2108000000000,8.3,9.0,111.15,1.18318,1.87,104.65
101452667.0,101452667.0,2368240.0,334873.0,2.33,5.45,14.14,2021,2108000000000,8.3,9.0,111.15,1.18318,1.87,104.65
22181713.0,22181713.0,1053847.0,219232.0,4.75,11.96,20.8,2021,2108000000000,8.3,9.0,111.15,1.18318,1.87,104.65
127441725.0,127441725.0,2661572.0,567203.0,2.09,8.84,21.31,2021,2108000000000,8.3,9.0,111.15,1.18318,1.87,104.65
34803840.0,34803840.0,440799.0,712581.0,1.27,23.32,161.66,2021,2108000000000,8.3,9.0,111.15,1.18318,1.87,104.65
127441725.0,127441725.0,2661572.0,567203.0,2.09,8.84,21.31,2021,2108000000000,8.3,9.0,111.15,1.18318,1.87,104.65
34803840.0,34803840.0,440799.0,712581.0,1.27,23.32,161.66,2021,2108000000000,8.3,9.0,111.15,1.18318,1.87,104.65
22181713.0,22181713.0,1053847.0,219232.0,4.75,11.96,20.8,2021,2108000000000,8.3,9.0,111.15,1.18318,1.87,104.65
461953402.0,461953402.0,8640818.0,10366196.0,1.87,17.49,119.97,2021,2108000000000,8.3,9.0,111.15,1.18318,1.87,104.65
34803840.0,34803840.0,440799.0,712581.0,1.27,23.32,161.66,2021,2108000000000,8.3,9.0,111.15,1.18318,1.87,104.65
127441725.0,127441725.0,2661572.0,567203.0,2.09,8.84,21.31,2021,2108000000000,8.3,9.0,111.15,1.18318,1.87,104.65
22181713.0,22181713.0,1053847.0,219232.0,4.75,11.96,20.8,2021,2108000000000,8.3,9.0,111.15,1.18318,1.87,104.65
34803840.0,34803840.0,440799.0,712581.0,1.27,23.32,161.66,2021,2108000000000,8.3,9.0,111.15,1.18318,1.87,104.65
461953402.0,461953402.0,8640818.0,10366196.0,1.87,17.49,119.97,2021,2108000000000,8.3,9.0,111.15,1.18318,1.87,104.65
461953402.0,461953402.0,8640818.0,10366196.0,1.87,17.49,119.97,2021,2108000000000,8.3,9.0,111.15,1.18318,1.87,104.65
101452667.0,101452667.0,2368240.0,334873.0,2.33,5.45,14.14,2021,2108000000000,8.3,9.0,111.15,1.18318,1.87,104.65
101452667.0,101452667.0,2368240.0,334873.0,2.33,5.45,14.14,2021,2108000000000,8.3,9.0,111.15,1.18318,1.87,104.65
127441725.0,127441725.0,2661572.0,567203.0,2.09,8.84,21.31,2021,2108000000000,8.3,9.0,111.15,1.18318,1.87,104.65
34803840.0,34803840.0,440799.0,712581.0,1.27,23.32,161.66,2021,2108000000000,8.3,9.0,111.15,1.18318,1.87,104.65
34803840.0,34803840.0,440799.0,712581.0,1.27,23.32,161.66,2021,2108000000000,8.3,9.0,111.15,1.18318,1.87,104.65
101452667.0,101452667.0,2368240.0,334873.0,2.33,5.45,14.14,2021,2108000000000,8.3,9.0,111.15,1.18318,1.87,104.65
34803840.0,34803840.0,440799.0,712581.0,1.27,23.32,161.66,2021,2108000000000,8.3,9.0,111.15,1.18318,1.87,104.65
34803840.0,34803840.0,440799.0,712581.0,1.27,23.32,161.66,2021,2108000000000,8.3,9.0,111.15,1.18318,1.87,104.65
461953402.0,461953402.0,8640818.0,10366196.0,1.87,17.49,119.97,2021,2108000000000,8.3,9.0,111.15,1.18318,1.87,104.65
101452667.0,101452667.0,2368240.0,334873.0,2.33,5.45,14.14,2021,2108000000000,8.3,9.0,111.15,1.18318,1.87,104.65
22181713.0,22181713.0,1053847.0,219232.0,4.75,11.96,20.8,2021,2108000000000,8.3,9.0,111.15,1.18318,1.87,104.65
101452667.0,101452667.0,2368240.0,334873.0,2.33,5.45,14.14,2021,2108000000000,8.3,9.0,111.15,1.18318,1.87,104.65
22181713.0,22181713.0,1053847.0,219232.0,4.75,11.96,20.8,2021,2108000000000,8.3,9.0,111.15,1.18318,1.87,104.65
461953402.0,461953402.0,8640818.0,10366196.0,1.87,17.49,119.97,2021,2108000000000,8.3,9.0,111.15,1.18318,1.87,104.65
127441725.0,127441725.0,2661572.0,567203.0,2.09,8.84,21.31,2021,2108000000000,8.3,9.0,111.15,1.18318,1.87,104.65
34803840.0,34803840.0,440799.0,712581.0,1.27,23.32,161.66,2021,2108000000000,8.3,9.0,111.15,1.18318,1.87,104.65
461953402.0,461953402.0,8640818.0,10366196.0,1.87,17.49,119.97,2021,2108000000000,8.3,9.0,111.15,1.18318,1.87,104.65
34803840.0,34803840.0,440799.0,712581.0,1.27,23.32,161.66,2021,2108000000000,8.3,9.0,111.15,1.18318,1.87,104.65
127441725.0,127441725.0,2661572.0,567203.0,2.09,8.84,21.31,2021,2108000000000,8.3,9.0,111.15,1.18318,1.87,104.65
127441725.0,127441725.0,2661572.0,567203.0,2.09,8.84,21.31,2021,2108000000000,8.3,9.0,111.15,1.18318,1.87,104.65
461953402.0,461953402.0,8640818.0,10366196.0,1.87,17.49,119.97,2021,2108000000000,8.3,9.0,111.15,1.18318,1.87,104.65
127441725.0,127441725.0,2661572.0,567203.0,2.09,8.84,21.31,2021,2108000000000,8.3,9.0,111.15,1.18318,1.87,104.65
22181713.0,22181713.0,1053847.0,219232.0,4.75,11.96,20.8,2021,2108000000000,8.3,9.0,111.15,1.18318,1.87,104.65
127441725.0,127441725.0,2661572.0,567203.0,2.09,8.84,21.31,2021,2108000000000,8.3,9.0,111.15,1.18318,1.87,104.65
34803840.0,34803840.0,440799.0,712581.0,1.27,23.32,161.66,2021,2108000000000,8.3,9.0,111.15,1.18318,1.87,104.65
34803840.0,34803840.0,440799.0,712581.0,1.27,23.32,161.66,2021,2108000000000,8.3,9.0,111.15,1.18318,1.87,104.65
34803840.0,34803840.0,440799.0,712581.0,1.27,23.32,161.66,2021,2108000000000,8.3,9.0,111.15,1.18318,1.87,104.65
34803840.0,34803840.0,440799.0,712581.0,1.27,23.32,161.66,2021,2108000000000,8.3,9.0,111.15,1.18318,1.87,104.65
22181713.0,22181713.0,1053847.0,219232.0,4.75,11.96,20.8,2021,2108000000000,8.3,9.0,111.15,1.18318,1.87,104.65
101452667.0,101452667.0,2368240.0,334873.0,2.33,5.45,14.14,2021,2108000000000,8.3,9.0,111.15,1.18318,1.87,104.65
461953402.0,461953402.0,8640818.0,10366196.0,1.87,17.49,119.97,2021,2108000000000,8.3,9.0,111.15,1.18318,1.87,104.65
34803840.0,34803840.0,440799.0,712581.0,1.27,23.32,161.66,2021,2108000000000,8.3,9.0,111.15,1.18318,1.87,104.65
127441725.0,127441725.0,2661572.0,567203.0,2.09,8.84,21.31,2021,2108000000000,8.3,9.0,111.15,1.18318,1.87,104.65
34803840.0,34803840.0,440799.0,712581.0,1.27,23.32,161.66,2021,2108000000000,8.3,9.0,111.15,1.18318,1.87,104.65
127441725.0,127441725.0,2661572.0,567203.0,2.09,8.84,21.31,2021,2108000000000,8.3,9.0,111.15,1.18318,1.87,104.65
127441725.0,127441725.0,2661572.0,567203.0,2.09,8.84,21.31,2021,2108000000000,8.3,9.0,111.15,1.18318,1.87,104.65
34803840.0,34803840.0,440799.0,712581.0,1.27,23.32,161.66,2021,2108000000000,8.3,9.0,111.15,1.18318,1.87,104.65
22181713.0,22181713.0,1053847.0,219232.0,4.75,11.96,20.8,2021,2108000000000,8.3,9.0,111.15,1.18318,1.87,104.65
127441725.0,127441725.0,2661572.0,567203.0,2.09,8.84,21.31,2021,2108000000000,8.3,9.0,111.15,1.18318,1.87,104.65
127441725.0,127441725.0,2661572.0,567203.0,2.09,8.84,21.31,2021,2108000000000,8.3,9.0,111.15,1.18318,1.87,104.65
34803840.0,34803840.0,440799.0,712581.0,1.27,23.32,161.66,2021,2108000000000,8.3,9.0,111.15,1.18318,1.87,104.65
127441725.0,127441725.0,2661572.0,567203.0,2.09,8.84,21.31,2021,2108000000000,8.3,9.0,111.15,1.18318,1.87,104.65
127441725.0,127441725.0,2661572.0,567203.0,2.09,8.84,21.31,2021,2108000000000,8.3,9.0,111.15,1.18318,1.87,104.65
34803840.0,34803840.0,440799.0,712581.0,1.27,23.32,161.66,2021,2108000000000,8.3,9.0,111.15,1.18318,1.87,104.65
34803840.0,34803840.0,440799.0,712581.0,1.27,23.32,161.66,2021,2108000000000,8.3,9.0,111.15,1.18318,1.87,104.65
461953402.0,461953402.0,8640818.0,10366196.0,1.87,17.49,119.97,2021,2108000000000,8.3,9.0,111.15,1.18318,1.87,104.65
22181713.0,22181713.0,1053847.0,219232.0,4.75,11.96,20.8,2021,2108000000000,8.3,9.0,111.15,1.18318,1.87,104.65
22181713.0,22181713.0,1053847.0,219232.0,4.75,11.96,20.8,2021,2108000000000,8.3,9.0,111.15,1.18318,1.87,104.65
127441725.0,127441725.0,2661572.0,567203.0,2.09,8.84,21.31,2021,2108000000000,8.3,9.0,111.15,1.18318,1.87,104.65
22181713.0,22181713.0,1053847.0,219232.0,4.75,11.96,20.8,2021,2108000000000,8.3,9.0,111.15,1.18318,1.87,104.65
127441725.0,127441725.0,2661572.0,567203.0,2.09,8.84,21.31,2021,2108000000000,8.3,9.0,111.15,1.18318,1.87,104.65
461953402.0,461953402.0,8640818.0,10366196.0,1.87,17.49,119.97,2021,2108000000000,8.3,9.0,111.15,1.18318,1.87,104.65
34803840.0,34803840.0,440799.0,712581.0,1.27,23.32,161.66,2021,2108000000000,8.3,9.0,111.15,1.18318,1.87,104.65
34803840.0,34803840.0,440799.0,712581.0,1.27,23.32,161.66,2021,2108000000000,8.3,9.0,111.15,1.18318,1.87,104.65
34803840.0,34803840.0,440799.0,712581.0,1.27,23.32,161.66,2021,2108000000000,8.3,9.0,111.15,1.18318,1.87,104.65
22181713.0,22181713.0,1053847.0,219232.0,4.75,11.96,20.8,2021,2108000000000,8.3,9.0,111.15,1.18318,1.87,104.65
461953402.0,461953402.0,8640818.0,10366196.0,1.87,17.49,119.97,2021,2108000000000,8.3,9.0,111.15,1.18318,1.87,104.65
22181713.0,22181713.0,1053847.0,219232.0,4.75,11.96,20.8,2021,2108000000000,8.3,9.0,111.15,1.18318,1.87,104.65
22181713.0,22181713.0,1053847.0,219232.0,4.75,11.96,20.8,2021,2108000000000,8.3,9.0,111.15,1.18318,1.87,104.65
461953402.0,461953402.0,8640818.0,10366196.0,1.87,17.49,119.97,2021,2108000000000,8.3,9.0,111.15,1.18318,1.87,104.65
461953402.0,461953402.0,8640818.0,10366196.0,1.87,17.49,119.97,2021,2108000000000,8.3,9.0,111.15,1.18318,1.87,104.65
461953402.0,461953402.0,8640818.0,10366196.0,1.87,17.49,119.97,2021,2108000000000,8.3,9.0,111.15,1.18318,1.87,104.65
461953402.0,461953402.0,8640818.0,10366196.0,1.87,17.49,119.97,2021,2108000000000,8.3,9.0,111.15,1.18318,1.87,104.65
34803840.0,34803840.0,440799.0,712581.0,1.27,23.32,161.66,2021,2108000000000,8.3,9.0,111.15,1.18318,1.87,104.65
101452667.0,101452667.0,2368240.0,334873.0,2.33,5.45,14.14,2021,2108000000000,8.3,9.0,111.15,1.18318,1.87,104.65
101452667.0,101452667.0,2368240.0,334873.0,2.33,5.45,14.14,2021,2108000000000,8.3,9.0,111.15,1.18318,1.87,104.65
461953402.0,461953402.0,8640818.0,10366196.0,1.87,17.49,119.97,2021,2108000000000,8.3,9.0,111.15,1.18318,1.87,104.65
101452667.0,101452667.0,2368240.0,334873.0,2.33,5.45,14.14,2021,2108000000000,8.3,9.0,111.15,1.18318,1.87,104.65
101452667.0,101452667.0,2368240.0,334873.0,2.33,5.45,14.14,2021,2108000000000,8.3,9.0,111.15,1.18318,1.87,104.65
461953402.0,461953402.0,8640818.0,10366196.0,1.87,17.49,119.97,2021,2108000000000,8.3,9.0,111.15,1.18318,1.87,104.65
452069208.0,452069208.0,11126268.0,-2731812.0,2.46,-5.12,-24.55,2020,1909000000000,3.7,8.1,149.35,1.053783,8.2,113.18
84231172.0,84231172.0,1793721.0,143853.0,2.13,2.43,8.02,2020,1909000000000,3.7,8.1,149.35,1.053783,8.2,113.18
95895628.0,95895628.0,2347966.0,231236.0,2.45,4.03,9.85,2020,1909000000000,3.7,8.1,149.35,1.053783,8.2,113.18
28365195.0,28365195.0,335233.0,433980.0,1.18,15.82,129.46,2020,1909000000000,3.7,8.1,149.35,1.053783,8.2,113.18
21548102.0,21548102.0,984083.0,137623.0,4.57,8.59,13.98,2020,1909000000000,3.7,8.1,149.35,1.053783,8.2,113.18
28365195.0,28365195.0,335233.0,433980.0,1.18,15.82,129.46,2020,1909000000000,3.7,8.1,149.35,1.053783,8.2,113.18
21548102.0,21548102.0,984083.0,137623.0,4.57,8.59,13.98,2020,1909000000000,3.7,8.1,149.35,1.053783,8.2,113.18
95895628.0,95895628.0,2347966.0,231236.0,2.45,4.03,9.85,2020,1909000000000,3.7,8.1,149.35,1.053783,8.2,113.18
21548102.0,21548102.0,984083.0,137623.0,4.57,8.59,13.98,2020,1909000000000,3.7,8.1,149.35,1.053783,8.2,113.18
21548102.0,21548102.0,984083.0,137623.0,4.57,8.59,13.98,2020,1909000000000,3.7,8.1,149.35,1.053783,8.2,113.18
84231172.0,84231172.0,1793721.0,143853.0,2.13,2.43,8.02,2020,1909000000000,3.7,8.1,149.35,1.053783,8.2,113.18
95895628.0,95895628.0,2347966.0,231236.0,2.45,4.03,9.85,2020,1909000000000,3.7,8.1,149.35,1.053783,8.2,113.18
95895628.0,95895628.0,2347966.0,231236.0,2.45,4.03,9.85,2020,1909000000000,3.7,8.1,149.35,1.053783,8.2,113.18
95895628.0,95895628.0,2347966.0,231236.0,2.45,4.03,9.85,2020,1909000000000,3.7,8.1,149.35,1.053783,8.2,113.18
21548102.0,21548102.0,984083.0,137623.0,4.57,8.59,13.98,2020,1909000000000,3.7,8.1,149.35,1.053783,8.2,113.18
28365195.0,28365195.0,335233.0,433980.0,1.18,15.82,129.46,2020,1909000000000,3.7,8.1,149.35,1.053783,8.2,113.18
95895628.0,95895628.0,2347966.0,231236.0,2.45,4.03,9.85,2020,1909000000000,3.7,8.1,149.35,1.053783,8.2,113.18
21548102.0,21548102.0,984083.0,137623.0,4.57,8.59,13.98,2020,1909000000000,3.7,8.1,149.35,1.053783,8.2,113.18
84231172.0,84231172.0,1793721.0,143853.0,2.13,2.43,8.02,2020,1909000000000,3.7,8.1,149.35,1.053783,8.2,113.18
28365195.0,28365195.0,335233.0,433980.0,1.18,15.82,129.46,2020,1909000000000,3.7,8.1,149.35,1.053783,8.2,113.18
84231172.0,84231172.0,1793721.0,143853.0,2.13,2.43,8.02,2020,1909000000000,3.7,8.1,149.35,1.053783,8.2,113.18
28365195.0,28365195.0,335233.0,433980.0,1.18,15.82,129.46,2020,1909000000000,3.7,8.1,149.35,1.053783,8.2,113.18
21548102.0,21548102.0,984083.0,137623.0,4.57,8.59,13.98,2020,1909000000000,3.7,8.1,149.35,1.053783,8.2,113.18
452069208.0,452069208.0,11126268.0,-2731812.0,2.46,-5.12,-24.55,2020,1909000000000,3.7,8.1,149.35,1.053783,8.2,113.18
28365195.0,28365195.0,335233.0,433980.0,1.18,15.82,129.46,2020,1909000000000,3.7,8.1,149.35,1.053783,8.2,113.18
84231172.0,84231172.0,1793721.0,143853.0,2.13,2.43,8.02,2020,1909000000000,3.7,8.1,149.35,1.053783,8.2,113.18
21548102.0,21548102.0,984083.0,137623.0,4.57,8.59,13.98,2020,1909000000000,3.7,8.1,149.35,1.053783,8.2,113.18
28365195.0,28365195.0,335233.0,433980.0,1.18,15.82,129.46,2020,1909000000000,3.7,8.1,149.35,1.053783,8.2,113.18
452069208.0,452069208.0,11126268.0,-2731812.0,2.46,-5.12,-24.55,2020,1909000000000,3.7,8.1,149.35,1.053783,8.2,113.18
452069208.0,452069208.0,11126268.0,-2731812.0,2.46,-5.12,-24.55,2020,1909000000000,3.7,8.1,149.35,1.053783,8.2,113.18
95895628.0,95895628.0,2347966.0,231236.0,2.45,4.03,9.85,2020,1909000000000,3.7,8.1,149.35,1.053783,8.2,113.18
95895628.0,95895628.0,2347966.0,231236.0,2.45,4.03,9.85,2020,1909000000000,3.7,8.1,149.35,1.053783,8.2,113.18
84231172.0,84231172.0,1793721.0,143853.0,2.13,2.43,8.02,2020,1909000000000,3.7,8.1,149.35,1.053783,8.2,113.18
28365195.0,28365195.0,335233.0,433980.0,1.18,15.82,129.46,2020,1909000000000,3.7,8.1,149.35,1.053783,8.2,113.18
28365195.0,28365195.0,335233.0,433980.0,1.18,15.82,129.46,2020,1909000000000,3.7,8.1,149.35,1.053783,8.2,113.18
95895628.0,95895628.0,2347966.0,231236.0,2.45,4.03,9.85,2020,1909000000000,3.7,8.1,149.35,1.053783,8.2,113.18
28365195.0,28365195.0,335233.0,433980.0,1.18,15.82,129.46,2020,1909000000000,3.7,8.1,149.35,1.053783,8.2,113.18
28365195.0,28365195.0,335233.0,433980.0,1.18,15.82,129.46,2020,1909000000000,3.7,8.1,149.35,1.053783,8.2,113.18
452069208.0,452069208.0,11126268.0,-2731812.0,2.46,-5.12,-24.55,2020,1909000000000,3.7,8.1,149.35,1.053783,8.2,113.18
95895628.0,95895628.0,2347966.0,231236.0,2.45,4.03,9.85,2020,1909000000000,3.7,8.1,149.35,1.053783,8.2,113.18
21548102.0,21548102.0,984083.0,137623.0,4.57,8.59,13.98,2020,1909000000000,3.7,8.1,149.35,1.053783,8.2,113.18
95895628.0,95895628.0,2347966.0,231236.0,2.45,4.03,9.85,2020,1909000000000,3.7,8.1,149.35,1.053783,8.2,113.18
21548102.0,21548102.0,984083.0,137623.0,4.57,8.59,13.98,2020,1909000000000,3.7,8.1,149.35,1.053783,8.2,113.18
452069208.0,452069208.0,11126268.0,-2731812.0,2.46,-5.12,-24.55,2020,1909000000000,3.7,8.1,149.35,1.053783,8.2,113.18
84231172.0,84231172.0,1793721.0,143853.0,2.13,2.43,8.02,2020,1909000000000,3.7,8.1,149.35,1.053783,8.2,113.18
28365195.0,28365195.0,335233.0,433980.0,1.18,15.82,129.46,2020,1909000000000,3.7,8.1,149.35,1.053783,8.2,113.18
452069208.0,452069208.0,11126268.0,-2731812.0,2.46,-5.12,-24.55,2020,1909000000000,3.7,8.1,149.35,1.053783,8.2,113.18
28365195.0,28365195.0,335233.0,433980.0,1.18,15.82,129.46,2020,1909000000000,3.7,8.1,149.35,1.053783,8.2,113.18
84231172.0,84231172.0,1793721.0,143853.0,2.13,2.43,8.02,2020,1909000000000,3.7,8.1,149.35,1.053783,8.2,113.18
84231172.0,84231172.0,1793721.0,143853.0,2.13,2.43,8.02,2020,1909000000000,3.7,8.1,149.35,1.053783,8.2,113.18
452069208.0,452069208.0,11126268.0,-2731812.0,2.46,-5.12,-24.55,2020,1909000000000,3.7,8.1,149.35,1.053783,8.2,113.18
84231172.0,84231172.0,1793721.0,143853.0,2.13,2.43,8.02,2020,1909000000000,3.7,8.1,149.35,1.053783,8.2,113.18
21548102.0,21548102.0,984083.0,137623.0,4.57,8.59,13.98,2020,1909000000000,3.7,8.1,149.35,1.053783,8.2,113.18
84231172.0,84231172.0,1793721.0,143853.0,2.13,2.43,8.02,2020,1909000000000,3.7,8.1,149.35,1.053783,8.2,113.18
28365195.0,28365195.0,335233.0,433980.0,1.18,15.82,129.46,2020,1909000000000,3.7,8.1,149.35,1.053783,8.2,113.18
28365195.0,28365195.0,335233.0,433980.0,1.18,15.82,129.46,2020,1909000000000,3.7,8.1,149.35,1.053783,8.2,113.18
28365195.0,28365195.0,335233.0,433980.0,1.18,15.82,129.46,2020,1909000000000,3.7,8.1,149.35,1.053783,8.2,113.18
28365195.0,28365195.0,335233.0,433980.0,1.18,15.82,129.46,2020,1909000000000,3.7,8.1,149.35,1.053783,8.2,113.18
21548102.0,21548102.0,984083.0,137623.0,4.57,8.59,13.98,2020,1909000000000,3.7,8.1,149.35,1.053783,8.2,113.18
95895628.0,95895628.0,2347966.0,231236.0,2.45,4.03,9.85,2020,1909000000000,3.7,8.1,149.35,1.053783,8.2,113.18
452069208.0,452069208.0,11126268.0,-2731812.0,2.46,-5.12,-24.55,2020,1909000000000,3.7,8.1,149.35,1.053783,8.2,113.18
28365195.0,28365195.0,335233.0,433980.0,1.18,15.82,129.46,2020,1909000000000,3.7,8.1,149.35,1.053783,8.2,113.18
84231172.0,84231172.0,1793721.0,143853.0,2.13,2.43,8.02,2020,1909000000000,3.7,8.1,149.35,1.053783,8.2,113.18
28365195.0,28365195.0,335233.0,433980.0,1.18,15.82,129.46,2020,1909000000000,3.7,8.1,149.35,1.053783,8.2,113.18
84231172.0,84231172.0,1793721.0,143853.0,2.13,2.43,8.02,2020,1909000000000,3.7,8.1,149.35,1.053783,8.2,113.18
84231172.0,84231172.0,1793721.0,143853.0,2.13,2.43,8.02,2020,1909000000000,3.7,8.1,149.35,1.053783,8.2,113.18
28365195.0,28365195.0,335233.0,433980.0,1.18,15.82,129.46,2020,1909000000000,3.7,8.1,149.35,1.053783,8.2,113.18
21548102.0,21548102.0,984083.0,137623.0,4.57,8.59,13.98,2020,1909000000000,3.7,8.1,149.35,1.053783,8.2,113.18
84231172.0,84231172.0,1793721.0,143853.0,2.13,2.43,8.02,2020,1909000000000,3.7,8.1,149.35,1.053783,8.2,113.18
84231172.0,84231172.0,1793721.0,143853.0,2.13,2.43,8.02,2020,1909000000000,3.7,8.1,149.35,1.053783,8.2,113.18
28365195.0,28365195.0,335233.0,433980.0,1.18,15.82,129.46,2020,1909000000000,3.7,8.1,149.35,1.053783,8.2,113.18
84231172.0,84231172.0,1793721.0,143853.0,2.13,2.43,8.02,2020,1909000000000,3.7,8.1,149.35,1.053783,8.2,113.18
84231172.0,84231172.0,1793721.0,143853.0,2.13,2.43,8.02,2020,1909000000000,3.7,8.1,149.35,1.053783,8.2,113.18
28365195.0,28365195.0,335233.0,433980.0,1.18,15.82,129.46,2020,1909000000000,3.7,8.1,149.35,1.053783,8.2,113.18
28365195.0,28365195.0,335233.0,433980.0,1.18,15.82,129.46,2020,1909000000000,3.7,8.1,149.35,1.053783,8.2,113.18
452069208.0,452069208.0,11126268.0,-2731812.0,2.46,-5.12,-24.55,2020,1909000000000,3.7,8.1,149.35,1.053783,8.2,113.18
21548102.0,21548102.0,984083.0,137623.0,4.57,8.59,13.98,2020,1909000000000,3.7,8.1,149.35,1.053783,8.2,113.18
21548102.0,21548102.0,984083.0,137623.0,4.57,8.59,13.98,2020,1909000000000,3.7,8.1,149.35,1.053783,8.2,113.18
84231172.0,84231172.0,1793721.0,143853.0,2.13,2.43,8.02,2020,1909000000000,3.7,8.1,149.35,1.053783,8.2,113.18
21548102.0,21548102.0,984083.0,137623.0,4.57,8.59,13.98,2020,1909000000000,3.7,8.1,149.35,1.053783,8.2,113.18
84231172.0,84231172.0,1793721.0,143853.0,2.13,2.43,8.02,2020,1909000000000,3.7,8.1,149.35,1.053783,8.2,113.18
452069208.0,452069208.0,11126268.0,-2731812.0,2.46,-5.12,-24.55,2020,1909000000000,3.7,8.1,149.35,1.053783,8.2,113.18
28365195.0,28365195.0,335233.0,433980.0,1.18,15.82,129.46,2020,1909000000000,3.7,8.1,149.35,1.053783,8.2,113.18
28365195.0,28365195.0,335233.0,433980.0,1.18,15.82,129.46,2020,1909000000000,3.7,8.1,149.35,1.053783,8.2,113.18
28365195.0,28365195.0,335233.0,433980.0,1.18,15.82,129.46,2020,1909000000000,3.7,8.1,149.35,1.053783,8.2,113.18
21548102.0,21548102.0,984083.0,137623.0,4.57,8.59,13.98,2020,1909000000000,3.7,8.1,149.35,1.053783,8.2,113.18
452069208.0,452069208.0,11126268.0,-2731812.0,2.46,-5.12,-24.55,2020,1909000000000,3.7,8.1,149.35,1.053783,8.2,113.18
21548102.0,21548102.0,984083.0,137623.0,4.57,8.59,13.98,2020,1909000000000,3.7,8.1,149.35,1.053783,8.2,113.18
21548102.0,21548102.0,984083.0,137623.0,4.57,8.59,13.98,2020,1909000000000,3.7,8.1,149.35,1.053783,8.2,113.18
452069208.0,452069208.0,11126268.0,-2731812.0,2.46,-5.12,-24.55,2020,1909000000000,3.7,8.1,149.35,1.053783,8.2,113.18
452069208.0,452069208.0,11126268.0,-2731812.0,2.46,-5.12,-24.55,2020,1909000000000,3.7,8.1,149.35,1.053783,8.2,113.18
452069208.0,452069208.0,11126268.0,-2731812.0,2.46,-5.12,-24.55,2020,1909000000000,3.7,8.1,149.35,1.053783,8.2,113.18
452069208.0,452069208.0,11126268.0,-2731812.0,2.46,-5.12,-24.55,2020,1909000000000,3.7,8.1,149.35,1.053783,8.2,113.18
28365195.0,28365195.0,335233.0,433980.0,1.18,15.82,129.46,2020,1909000000000,3.7,8.1,149.35,1.053783,8.2,113.18
95895628.0,95895628.0,2347966.0,231236.0,2.45,4.03,9.85,2020,1909000000000,3.7,8.1,149.35,1.053783,8.2,113.18
95895628.0,95895628.0,2347966.0,231236.0,2.45,4.03,9.85,2020,1909000000000,3.7,8.1,149.35,1.053783,8.2,113.18
452069208.0,452069208.0,11126268.0,-2731812.0,2.46,-5.12,-24.55,2020,1909000000000,3.7,8.1,149.35,1.053783,8.2,113.18
95895628.0,95895628.0,2347966.0,231236.0,2.45,4.03,9.85,2020,1909000000000,3.7,8.1,149.35,1.053783,8.2,113.18
95895628.0,95895628.0,2347966.0,231236.0,2.45,4.03,9.85,2020,1909000000000,3.7,8.1,149.35,1.053783,8.2,113.18
452069208.0,452069208.0,11126268.0,-2731812.0,2.46,-5.12,-24.55,2020,1909000000000,3.7,8.1,149.35,1.053783,8.2,113.18
